gemeente_naam,gemeente_code,cvdr_id,versie,categorie,titel,n_tekens_passages,bijlage_urls
Dantumadiel,GM1891,CVDR640353,1,kern,"Nadere regels gebruikelijke hulp, bovengebruikelijke hulp en sociaal netwerk gemeente Dantumadiel 2020",2084,https://repository.officiele-overheidspublicaties.nl/externebijlagen/exb-2020-27467/currentitem; https://repository.officiele-overheidspublicaties.nl/externebijlagen/exb-2020-27468/currentitem
Ede,GM0228,CVDR640949,1,kern,Bekendmaking Programma van Eisen 2021 (Beleid Sociaal Domein - Cultuurvertalers (Opella)),415,https://repository.officiele-overheidspublicaties.nl/externebijlagen/exb-2020-28726/currentitem; https://repository.officiele-overheidspublicaties.nl/externebijlagen/exb-2020-28727/currentitem
Ede,GM0228,CVDR640953,1,kern,Bekendmaking Programma's van Eisen 2021 (Beleid Sociaal Domein),1456,https://repository.officiele-overheidspublicaties.nl/externebijlagen/exb-2020-28740/currentitem; https://repository.officiele-overheidspublicaties.nl/externebijlagen/exb-2020-28741/currentitem; https://repository.officiele-overheidspublicaties.nl/externebijlagen/exb-2020-28742/currentitem; https://repository.officiele-overheidspublicaties.nl/externebijlagen/exb-2020-28743/currentitem; https://repository.officiele-overheidspublicaties.nl/externebijlagen/exb-2020-28744/currentitem; https://repository.officiele-overheidspublicaties.nl/externebijlagen/exb-2020-28745/currentitem; https://repository.officiele-overheidspublicaties.nl/externebijlagen/exb-2020-28746/currentitem; https://repository.officiele-overheidspublicaties.nl/externebijlagen/exb-2020-28747/currentitem; https://repository.officiele-overheidspublicaties.nl/externebijlagen/exb-2020-28748/currentitem; https://repository.officiele-overheidspublicaties.nl/externebijlagen/exb-2020-28749/currentitem; https://repository.officiele-overheidspublicaties.nl/externebijlagen/exb-2020-28750/currentitem; https://repository.officiele-overheidspublicaties.nl/externebijlagen/exb-2020-28751/currentitem; https://repository.officiele-overheidspublicaties.nl/externebijlagen/exb-2020-28752/currentitem; https://repository.officiele-overheidspublicaties.nl/externebijlagen/exb-2020-28753/currentitem; https://repository.officiele-overheidspublicaties.nl/externebijlagen/exb-2020-28754/currentitem; https://repository.officiele-overheidspublicaties.nl/externebijlagen/exb-2020-28755/currentitem; https://repository.officiele-overheidspublicaties.nl/externebijlagen/exb-2020-28756/currentitem
Hattem,GM0244,CVDR626320,1,kern,Aanwijzingsbesluit toezichthouder rechtmatigheid en kwaliteit Wmo 2015 en Jeugdwet,518,https://repository.officiele-overheidspublicaties.nl/externebijlagen/exb-2019-35216/currentitem
Heusden,GM0797,CVDR194366,1,kern,Beleidskader Wmo 2012-2016 Meerdoen in Heusden,67,https://repository.officiele-overheidspublicaties.nl/externebijlagen/exb-2017-32860/currentitem; https://repository.officiele-overheidspublicaties.nl/externebijlagen/exb-2017-32861/currentitem
Heusden,GM0797,CVDR347368,1,kern,Besluit Hulp bij het huishouden per 1 januari 2015,40,https://repository.officiele-overheidspublicaties.nl/externebijlagen/exb-2017-32965/currentitem
Heusden,GM0797,CVDR349345,1,kern,Besluit aanvulling mandaatregeling vanwege transitie sociaal domein 2014,1315,https://repository.officiele-overheidspublicaties.nl/externebijlagen/exb-2017-32970/currentitem
Heusden,GM0797,CVDR84087,1,kern,Beleidsplan WMO Iedereen doet mee in Heusden,45,https://repository.officiele-overheidspublicaties.nl/externebijlagen/exb-2017-33046/currentitem
Lochem,GM0262,CVDR663073,1,kern,Aanwijzingsbesluit toezichthouders rechtmatigheid en kwaliteit Wmo 2015 en toezichthouders rechtmatigheid Jeugdwet,671,https://repository.officiele-overheidspublicaties.nl/externebijlagen/exb-2021-60155/currentitem
Maastricht,GM0935,CVDR180089,1,kern,Regeling tegemoetkoming inkomensgrenzen Individuele voorzieningen maatschappelijke ondersteuning 2012 Gemeente Maastricht,39,https://repository.officiele-overheidspublicaties.nl/externebijlagen/exb-2016-31162/currentitem
Noordenveld,GM1699,CVDR432553,1,kern,Financieel besluit maatschappelijke ondersteuning en jeugdhulp gemeente Noordenveld 2017,1853,https://repository.officiele-overheidspublicaties.nl/externebijlagen/exb-2018-27090/currentitem
Noordenveld,GM1699,CVDR643256,1,kern,Financieel besluit maatschappelijke ondersteuning en jeugdhulp gemeente Noordenveld 2020,1865,https://repository.officiele-overheidspublicaties.nl/externebijlagen/exb-2020-42765/currentitem
Oldambt,GM1895,CVDR757885,1,kern,Openbare bekendmaking Wmo beleidsvisie 2026-2023 Oldambt,233,https://repository.officiele-overheidspublicaties.nl/externebijlagen/exb-2026-7153/currentitem
Oldambt,GM1895,CVDR758068,1,kern,Openbare bekendmaking Koersdocument Sociaal Domein Oldambt 2023 -2027,244,https://repository.officiele-overheidspublicaties.nl/externebijlagen/exb-2026-7594/currentitem
Peel en Maas,GM1894,CVDR465943,2,kern,Kwaliteitsborging sociaal domein gemeente Peel en Maas,32,https://repository.officiele-overheidspublicaties.nl/externebijlagen/exb-2018-45563/currentitem
Pekela,GM0765,CVDR476627,1,kern,Beleid/stappenplan persoonsgebonden budget Wet maatschappelijke ondersteuning 2015,442,https://repository.officiele-overheidspublicaties.nl/externebijlagen/exb-2018-20555/currentitem; https://repository.officiele-overheidspublicaties.nl/externebijlagen/exb-2018-20556/currentitem
Pekela,GM0765,CVDR626230,1,kern,Toetsingskader Kwaliteit en Rechtmatigheid Wmo/Jeugd 2019,223,https://repository.officiele-overheidspublicaties.nl/externebijlagen/exb-2019-34748/currentitem
Pekela,GM0765,CVDR645540,1,kern,Toetsingskaders kwaliteit en rechtmatigheid Zorg Wmo/Jeugd,153,https://repository.officiele-overheidspublicaties.nl/externebijlagen/exb-2020-59621/currentitem
Rotterdam,GM0599,CVDR341828,1,kern,Wmo-kader Rotterdam 2015 “Rotterdammers voor elkaar”,1760,https://repository.officiele-overheidspublicaties.nl/externebijlagen/exb-2018-42241/currentitem
Stichtse Vecht,GM1904,CVDR445794,1,kern,"Ondermandaatbesluit Teamleider WMO, jeugd, SWT & LV",1686,https://repository.officiele-overheidspublicaties.nl/externebijlagen/exb-2018-1846/currentitem
Terneuzen,GM0715,CVDR753459,1,kern,Beleidsplan Sociaal Domein Terneuzen 2026 en verder 'Iedereen aan boord',530,https://repository.officiele-overheidspublicaties.nl/externebijlagen/exb-2025-47942/currentitem
Tilburg,GM0855,CVDR619319,1,kern,Besluit en beleidsregels maatschappelijke ondersteuning,2440,https://repository.officiele-overheidspublicaties.nl/externebijlagen/exb-2018-75102/currentitem; https://repository.officiele-overheidspublicaties.nl/externebijlagen/exb-2018-75103/currentitem
Tynaarlo,GM1730,CVDR695889,1,kern,Beleids- en nadere regels Maatschappelijke ondersteuning en Jeugdhulp Gemeente Tynaarlo 2023,886,https://repository.officiele-overheidspublicaties.nl/externebijlagen/exb-2023-24039/currentitem
Veendam,GM0047,CVDR477822,1,kern,Beleid/stappenplan persoonsgebonden budget Wet maatschappelijke ondersteuning 2015,442,https://repository.officiele-overheidspublicaties.nl/externebijlagen/exb-2018-20574/currentitem; https://repository.officiele-overheidspublicaties.nl/externebijlagen/exb-2018-20575/currentitem
Veendam,GM0047,CVDR645536,1,kern,Toetsingskaders kwaliteit en rechtmatigheid Zorg Wmo/Jeugd,173,https://repository.officiele-overheidspublicaties.nl/externebijlagen/exb-2020-59587/currentitem
Voorst,GM0285,CVDR646353,1,kern,Vaststelling beleidsnota/Kadernota sociaal domein 2020-2024 gemeente Voorst,969,https://repository.officiele-overheidspublicaties.nl/externebijlagen/exb-2020-63148/currentitem
West Maas en Waal,GM0668,CVDR721482,1,kern,Beleidskader Sociaal Domein 2024,667,https://repository.officiele-overheidspublicaties.nl/externebijlagen/exb-2024-25146/currentitem
Zwolle,GM0193,CVDR717887,1,kern,Financieel besluit 2024- Wmo voorzieningen,406,https://repository.officiele-overheidspublicaties.nl/externebijlagen/exb-2024-13392/currentitem
