cvdr_id,versie,cat,bron_tekens,passage_tekens,ratio
CVDR699083,1,kern,29,0,0.0
CVDR728014,1,jeugd,43,0,0.0
CVDR398175,1,jeugd,82,35,0.4268292682926829
CVDR697984,1,aanbod,4139,2658,0.642184102440203
CVDR88120,1,aanbod,152,104,0.6842105263157895
CVDR749974,8,twijfel,238432,163714,0.6866276338746476
CVDR671184,1,jeugd,792,546,0.6893939393939394
CVDR441834,1,jeugd,19532,13486,0.6904566864632398
CVDR726209,1,aanbod,5568,3856,0.6925287356321839
CVDR676952,1,kern,1573,1130,0.7183725365543547
CVDR677195,1,jeugd,1254,946,0.7543859649122807
CVDR751599,1,buiten_scope,29829,22723,0.7617754534178148
CVDR678201,1,aanbod,555,433,0.7801801801801802
CVDR744351,1,kern,1343,1048,0.7803425167535368
CVDR627426,1,kern,691,548,0.7930535455861071
CVDR714642,1,kern,3674,2925,0.796135002721829
CVDR364505,1,kern,512,408,0.796875
CVDR766673,1,aanbod,1525,1224,0.8026229508196722
CVDR726037,1,waardering,4073,3273,0.8035845813896391
CVDR765140,1,jeugd,1088,879,0.8079044117647058
CVDR738375,1,kern,887,720,0.8117249154453213
CVDR665487,1,kern,912,741,0.8125
CVDR760216,1,aanbod,1710,1393,0.8146198830409357
CVDR652600,1,kern,4444,3628,0.8163816381638164
CVDR662932,1,kern,1500,1231,0.8206666666666667
CVDR55148,2,twijfel,141641,116329,0.8212946816246708
CVDR678312,1,buiten_scope,17753,14673,0.8265081957978934
CVDR493117,1,kern,982,817,0.8319755600814664
CVDR679925,1,kern,925,771,0.8335135135135135
CVDR734360,1,kern,1768,1474,0.833710407239819
CVDR458033,1,kern,876,731,0.8344748858447488
CVDR629297,1,kern,1017,849,0.8348082595870207
CVDR671984,1,aanbod,752,628,0.8351063829787234
CVDR309743,1,kern,27554,23071,0.8373012992668941
CVDR685899,1,kern,1000,838,0.838
CVDR701163,1,jeugd,547,459,0.8391224862888482
CVDR765264,1,aanbod,678,571,0.8421828908554573
CVDR409417,1,jeugd,30211,25558,0.845983251133693
CVDR622073,1,kern,1198,1014,0.8464106844741235
CVDR443081,1,kern,1149,976,0.8494342906875544
CVDR695708,1,jeugd,1473,1252,0.8499660556687033
CVDR649292,1,twijfel,31292,26660,0.8519749456730155
CVDR651981,1,aanbod,731,624,0.853625170998632
CVDR719843,1,kern,2016,1721,0.8536706349206349
CVDR714243,1,kern,4333,3702,0.8543734133394877
CVDR745081,1,kern,1701,1455,0.855379188712522
CVDR609856,1,kern,668,572,0.8562874251497006
CVDR663112,1,kern,1190,1025,0.8613445378151261
CVDR643584,1,kern,2281,1971,0.864094695309075
CVDR348831,1,jeugd,3959,3424,0.8648648648648649
CVDR658931,1,aanbod,2875,2489,0.8657391304347826
CVDR407327,1,kern,1106,959,0.8670886075949367
CVDR694171,1,kern,824,715,0.8677184466019418
CVDR654156,1,kern,1630,1416,0.8687116564417178
CVDR698939,1,aanbod,837,728,0.8697729988052568
CVDR626320,1,kern,595,518,0.8705882352941177
CVDR621823,1,buiten_scope,9996,8714,0.8717486994797919
CVDR684023,1,twijfel,1897,1654,0.8719030047443331
CVDR634805,1,kern,2874,2508,0.872651356993737
CVDR749779,1,aanbod,15421,13459,0.8727708968289994
CVDR763607,1,aanbod,2963,2590,0.8741140735740803
CVDR653074,1,kern,995,870,0.8743718592964824
CVDR613704,1,kern,1154,1010,0.8752166377816292
CVDR671983,1,aanbod,669,586,0.8759342301943199
CVDR653783,1,kern,2217,1946,0.8777627424447452
CVDR653692,1,jeugd,856,753,0.8796728971962616
CVDR757674,1,kern,21297,18748,0.880311781002019
CVDR458052,1,aanbod,756,666,0.8809523809523809
CVDR653782,1,kern,2228,1965,0.8819569120287253
CVDR763316,1,aanbod,790,697,0.8822784810126583
CVDR372310,1,kern,309,273,0.883495145631068
CVDR719450,1,kern,1082,957,0.8844731977818854
CVDR697930,1,kern,1147,1016,0.8857890148212729
CVDR683442,1,aanbod,7507,6657,0.8867723458105768
CVDR704172,1,twijfel,9762,8663,0.8874206105306289
CVDR476629,1,jeugd,441,392,0.8888888888888888
CVDR694993,1,kern,1189,1057,0.8889823380992431
CVDR701589,1,aanbod,7588,6747,0.8891671059567738
CVDR644298,1,kern,1507,1340,0.8891838088918381
CVDR610719,1,kern,1365,1214,0.8893772893772893
CVDR765139,1,jeugd,1838,1637,0.8906420021762785
CVDR674111,1,buiten_scope,32324,28845,0.8923709936888999
CVDR751546,1,twijfel,31579,28183,0.8924601792330346
CVDR738036,1,buiten_scope,43218,38574,0.8925447730112454
CVDR694909,1,twijfel,55314,49393,0.8929565751889215
CVDR748597,1,kern,1751,1564,0.8932038834951457
CVDR661181,1,waardering,631,564,0.8938193343898574
CVDR477815,1,jeugd,464,415,0.8943965517241379
CVDR728887,1,kern,1385,1241,0.896028880866426
CVDR638634,1,aanbod,5035,4520,0.8977159880834161
CVDR642232,1,kern,1263,1135,0.8986539984164688
CVDR687296,1,aanbod,2138,1922,0.8989710009354537
CVDR283520,1,kern,24823,22351,0.9004149377593361
CVDR651983,1,kern,2255,2031,0.9006651884700665
CVDR673852,1,buiten_scope,32326,29145,0.9015962383220937
CVDR743272,1,kern,988,891,0.9018218623481782
CVDR694784,1,kern,870,785,0.9022988505747126
CVDR618061,1,kern,2381,2149,0.9025619487610248
CVDR633881,1,twijfel,15931,14382,0.9027681878099303
CVDR626871,1,kern,2009,1814,0.9029367844698856
CVDR752777,1,kern,77506,69985,0.9029623513018347
CVDR636470,1,jeugd,1307,1181,0.9035960214231064
CVDR663323,1,kern,565,511,0.904424778761062
CVDR661054,1,jeugd,1696,1536,0.9056603773584906
CVDR694878,1,buiten_scope,9844,8932,0.9073547338480292
CVDR673832,1,kern,671,609,0.9076005961251863
CVDR400702,1,kern,2750,2498,0.9083636363636364
CVDR642956,1,kern,1132,1029,0.9090106007067138
CVDR673888,1,aanbod,1995,1814,0.9092731829573935
CVDR713421,1,twijfel,33883,30816,0.9094826314080807
CVDR698945,1,aanbod,121250,110342,0.9100371134020618
CVDR716319,1,jeugd,681,620,0.9104258443465492
CVDR655367,1,kern,2343,2135,0.9112249253094323
CVDR726502,1,jeugd,3849,3508,0.9114055598856846
CVDR607596,1,twijfel,40752,37151,0.9116362387122104
CVDR658148,1,jeugd,1924,1756,0.9126819126819127
CVDR635238,1,aanbod,2881,2630,0.9128774730996182
CVDR360162,1,jeugd,1092,997,0.913003663003663
CVDR670787,1,buiten_scope,32350,29543,0.9132302936630603
CVDR721249,1,twijfel,16015,14647,0.9145800811738994
CVDR653875,1,jeugd,14598,13369,0.9158103849842444
CVDR742352,1,aanbod,21176,19405,0.9163675859463544
CVDR725906,1,jeugd,1480,1357,0.9168918918918919
CVDR744544,1,kern,2341,2147,0.9171294318667236
CVDR654844,1,kern,857,787,0.9183197199533255
CVDR668914,1,buiten_scope,32748,30109,0.9194149261023574
CVDR700925,1,kern,2376,2185,0.9196127946127947
CVDR653471,1,kern,2772,2550,0.9199134199134199
CVDR683349,1,twijfel,7108,6539,0.9199493528418683
CVDR622628,1,kern,154265,141924,0.9200012964703594
CVDR695099,2,aanbod,11883,10939,0.9205587814524951
CVDR676891,1,kern,1247,1148,0.9206094627105053
CVDR622982,1,kern,556,512,0.920863309352518
CVDR628357,1,aanbod,3805,3504,0.9208935611038108
CVDR637134,1,aanbod,3446,3174,0.9210679048171794
CVDR680442,1,kern,1039,957,0.9210779595765158
CVDR698876,1,twijfel,174869,161110,0.9213182439426084
CVDR656515,1,kern,3585,3304,0.9216178521617853
CVDR413801,1,kern,1225,1129,0.9216326530612244
CVDR676636,1,kern,2319,2138,0.9219491159982751
CVDR716313,1,kern,3897,3593,0.9219912753400051
CVDR659274,1,aanbod,4044,3730,0.9223541048466865
CVDR671488,1,buiten_scope,32170,29674,0.9224121852657756
CVDR639382,1,kern,35679,32920,0.9226715995403458
CVDR414112,1,kern,1359,1255,0.9234731420161884
CVDR754551,1,kern,1256,1160,0.9235668789808917
CVDR764676,1,aanbod,1519,1403,0.923633969716919
CVDR693423,1,jeugd,9825,9078,0.923969465648855
CVDR643012,1,twijfel,213803,197582,0.9241310926413567
CVDR764262,1,jeugd,29326,27102,0.9241628588965424
CVDR703644,1,kern,22851,21126,0.9245109623211238
CVDR654933,1,kern,3156,2920,0.9252217997465145
CVDR732617,1,twijfel,32495,30067,0.9252808124326819
CVDR716322,1,kern,4091,3787,0.9256905402102176
CVDR624219,1,buiten_scope,9439,8740,0.9259455450789279
CVDR477541,1,twijfel,7859,7280,0.9263265046443568
CVDR721623,1,kern,2417,2239,0.9263549855192387
CVDR672093,1,buiten_scope,32512,30119,0.9263964074803149
CVDR629350,1,kern,2018,1870,0.9266600594648167
CVDR643418,1,kern,2377,2204,0.927219183845183
CVDR629353,1,kern,2040,1892,0.9274509803921569
CVDR396979,1,jeugd,10420,9666,0.9276391554702496
CVDR673083,1,aanbod,2965,2751,0.9278246205733558
CVDR750349,1,kern,67419,62568,0.9280469897209985
CVDR765126,1,aanbod,1210,1123,0.928099173553719
CVDR749511,1,aanbod,10658,9892,0.9281291048977294
CVDR736026,1,kern,1322,1227,0.9281391830559758
CVDR654358,1,kern,3557,3302,0.9283103739105988
CVDR719453,1,kern,113869,105720,0.9284353072390202
CVDR671017,1,buiten_scope,6893,6400,0.9284781662556216
CVDR628127,1,waardering,3556,3302,0.9285714285714286
CVDR742609,1,aanbod,16646,15460,0.9287516520485402
CVDR678557,1,kern,1365,1268,0.928937728937729
CVDR654273,1,kern,3540,3290,0.9293785310734464
CVDR759551,1,aanbod,68537,63700,0.9294249821264426
CVDR721713,1,kern,2477,2303,0.9297537343560759
CVDR740103,1,kern,15090,14033,0.9299536116633532
CVDR766052,1,aanbod,657,611,0.9299847792998478
CVDR668627,1,buiten_scope,32329,30076,0.9303102477651644
CVDR636536,1,kern,20437,19014,0.9303713852326663
CVDR720091,1,kern,1092,1016,0.9304029304029304
CVDR644692,1,kern,1444,1344,0.9307479224376731
CVDR734860,1,kern,1101,1025,0.9309718437783833
CVDR653475,1,kern,2342,2181,0.9312553373185312
CVDR441076,1,kern,21373,19914,0.931736302811959
CVDR734955,1,kern,982,915,0.9317718940936863
CVDR682754,1,kern,9094,8474,0.9318231801187596
CVDR692742,1,kern,1122,1046,0.9322638146167558
CVDR634610,1,kern,729,680,0.9327846364883402
CVDR354382,1,jeugd,672,627,0.9330357142857143
CVDR622202,1,kern,2603,2429,0.933154053015751
CVDR645534,1,kern,4008,3742,0.9336327345309381
CVDR677385,1,kern,933,872,0.9346195069667739
CVDR677388,1,kern,982,918,0.9348268839103869
CVDR676989,1,kern,1412,1320,0.9348441926345609
CVDR678017,1,kern,11431,10688,0.935001312221153
CVDR677387,1,kern,987,923,0.9351570415400202
CVDR614560,1,jeugd,4908,4590,0.9352078239608802
CVDR658929,1,aanbod,2829,2646,0.9353128313891834
CVDR703002,1,aanbod,1321,1236,0.9356548069644209
CVDR644073,2,buiten_scope,65760,61539,0.9358120437956204
CVDR409438,1,kern,101187,94696,0.9358514433672309
CVDR763297,1,kern,3072,2875,0.9358723958333334
CVDR681133,1,aanbod,5249,4913,0.9359878072013716
CVDR601616,1,kern,1534,1436,0.9361147327249022
CVDR352091,1,kern,35865,33602,0.936902272410428
CVDR711317,1,aanbod,1490,1396,0.9369127516778524
CVDR737276,1,kern,7507,7039,0.9376581856933529
CVDR643011,1,twijfel,240973,226191,0.9386570279657886
CVDR643010,1,twijfel,236656,222187,0.938860624704212
CVDR736975,2,aanbod,13004,12212,0.9390956628729622
CVDR700259,2,twijfel,42253,39680,0.9391049156272927
CVDR743968,1,kern,4239,3982,0.9393724935126209
CVDR760113,1,kern,4064,3818,0.9394685039370079
CVDR409444,1,kern,75221,70681,0.9396445141649273
CVDR662116,1,kern,947,890,0.9398099260823654
CVDR627521,1,kern,3931,3695,0.9399643856525057
CVDR376653,1,kern,3249,3054,0.9399815327793167
CVDR727368,1,jeugd,873,821,0.9404352806414662
CVDR671646,1,buiten_scope,32304,30388,0.9406884596334819
CVDR760682,1,kern,2749,2586,0.9407057111676973
CVDR741184,1,kern,1167,1098,0.9408740359897172
CVDR691322,1,kern,711,669,0.9409282700421941
CVDR760690,1,kern,2749,2587,0.9410694798108403
CVDR643989,1,twijfel,47175,44398,0.9411340752517223
CVDR695475,1,kern,3491,3286,0.9412775708965913
CVDR628190,1,kern,1078,1015,0.9415584415584416
CVDR760694,1,kern,2741,2581,0.9416271433783291
CVDR681301,1,jeugd,1184,1115,0.941722972972973
CVDR420850,1,kern,1117,1052,0.9418084153983886
CVDR610863,1,jeugd,2865,2699,0.9420593368237348
CVDR387516,1,twijfel,33434,31497,0.9420649638092959
CVDR695235,2,twijfel,149143,140517,0.9421628906485722
CVDR757549,1,jeugd,1736,1636,0.9423963133640553
CVDR737226,1,kern,1739,1639,0.9424956871765382
CVDR658917,1,aanbod,3345,3153,0.9426008968609866
CVDR610718,1,kern,1140,1075,0.9429824561403509
CVDR628163,1,kern,3801,3585,0.9431728492501973
CVDR308645,1,kern,441,416,0.9433106575963719
CVDR627980,1,kern,14862,14022,0.9434800161485668
CVDR628334,1,kern,1276,1204,0.9435736677115988
CVDR722424,1,twijfel,125284,118218,0.9436001404808275
CVDR760000,2,aanbod,1632,1540,0.9436274509803921
CVDR753292,1,jeugd,2363,2230,0.9437156157426999
CVDR626664,1,kern,2891,2729,0.9439640262884815
CVDR354908,1,waardering,3000,2832,0.944
CVDR757113,1,kern,23101,21809,0.9440716852084325
CVDR454823,1,kern,1074,1014,0.9441340782122905
CVDR699852,1,kern,1041,983,0.9442843419788665
CVDR760598,1,kern,52635,49709,0.9444096133751306
CVDR660188,1,kern,5470,5167,0.9446069469835466
CVDR693304,1,twijfel,111290,105132,0.9446670859915536
CVDR683057,1,twijfel,127363,120321,0.9447092169625402
CVDR750493,1,kern,1759,1662,0.9448550312677658
CVDR740588,1,kern,1598,1510,0.9449311639549437
CVDR626665,1,kern,2910,2750,0.9450171821305842
CVDR688725,1,kern,673,636,0.9450222882615156
CVDR677742,1,kern,1365,1290,0.945054945054945
CVDR766790,1,aanbod,1858,1756,0.9451022604951561
CVDR400127,1,kern,1681,1589,0.9452706722189174
CVDR738969,1,jeugd,951,899,0.9453207150368034
CVDR689003,1,kern,842,796,0.9453681710213777
CVDR642813,1,kern,2500,2364,0.9456
CVDR471688,1,kern,921,871,0.9457111834961998
CVDR343863,1,buiten_scope,20162,19069,0.9457891082233906
CVDR681459,1,kern,1108,1048,0.9458483754512635
CVDR624367,1,waardering,557,527,0.9461400359066428
CVDR727773,1,kern,2518,2383,0.9463860206513106
CVDR354223,1,kern,541,512,0.9463955637707948
CVDR759274,1,kern,2542,2406,0.946498819826908
CVDR735912,1,kern,82691,78268,0.9465117122782407
CVDR297098,1,kern,16958,16051,0.9465149192121712
CVDR661491,1,kern,1235,1169,0.9465587044534413
CVDR766705,1,aanbod,1837,1739,0.9466521502449646
CVDR742730,1,twijfel,12847,12163,0.9467579979761812
CVDR740325,1,kern,19081,18071,0.9470677637440386
CVDR752761,2,kern,107300,101623,0.9470922646784716
CVDR744133,1,twijfel,37812,35816,0.9472125251242992
CVDR309744,1,kern,16260,15403,0.9472939729397294
CVDR735102,1,buiten_scope,8930,8460,0.9473684210526315
CVDR653744,1,aanbod,5691,5392,0.9474609031804604
CVDR746825,1,aanbod,12977,12296,0.9475225398782461
CVDR753196,1,jeugd,2736,2593,0.9477339181286549
CVDR756555,1,buiten_scope,9710,9206,0.9480947476828012
CVDR751864,1,kern,21210,20111,0.9481848184818482
CVDR717807,1,kern,1392,1320,0.9482758620689655
CVDR418297,1,buiten_scope,12567,11921,0.9485955279700804
CVDR753854,1,jeugd,2765,2623,0.9486437613019891
CVDR700832,1,kern,3625,3439,0.9486896551724138
CVDR741030,1,jeugd,1132,1074,0.9487632508833922
CVDR733329,1,twijfel,52656,49960,0.9487997569127925
CVDR764744,1,jeugd,10791,10239,0.9488462607728663
CVDR692566,1,kern,19505,18511,0.9490387080235837
CVDR659285,1,kern,5479,5200,0.9490782989596642
CVDR647123,1,kern,49968,47440,0.9494076208773615
CVDR646068,1,jeugd,140286,133196,0.9494603880643827
CVDR646069,1,jeugd,140286,133196,0.9494603880643827
CVDR646070,1,jeugd,140281,133194,0.9494799723412294
CVDR698295,1,kern,2316,2199,0.9494818652849741
CVDR709984,1,jeugd,1828,1736,0.949671772428884
CVDR656120,1,aanbod,7106,6749,0.9497607655502392
CVDR628122,1,waardering,3444,3271,0.9497677119628339
CVDR346449,1,jeugd,5855,5561,0.9497865072587532
CVDR732662,1,aanbod,11197,10635,0.9498079842815039
CVDR653753,1,kern,5244,4981,0.9498474446987033
CVDR721724,1,buiten_scope,26505,25177,0.9498962459913224
CVDR635116,1,buiten_scope,33080,31425,0.9499697702539298
