gemeente_code,gemeente_naam_cbs,inwoners,n_inventaris,n_kern,n_waardering,n_jeugd,n_aanbod,heeft_verordening,heeft_nadere_of_beleidsregels,datum_laatste_wijziging_verordening,n_passages,n_passages_met_mantelzorg
GM1680,Aa en Hunze,26062,198,5,0,2,2,True,True,2026-01-01,805,28
GM0358,Aalsmeer,33459,307,9,1,5,0,True,True,2025-02-26,1621,91
GM0197,Aalten,27608,178,6,0,1,3,True,True,2026-01-01,1359,66
GM0059,Achtkarspelen,28254,189,6,0,4,3,True,True,2026-07-14,1468,91
GM0482,Alblasserdam,20250,178,4,0,6,2,True,True,2026-01-01,1259,44
GM0613,Albrandswaard,26559,224,11,0,4,0,True,True,2026-05-29,1786,60
GM0361,Alkmaar,113196,477,13,1,4,1,True,True,2024-05-01,1330,55
GM0141,Almelo,75166,322,7,0,2,0,True,True,2025-04-22,2082,53
GM0034,Almere,232619,349,9,1,3,1,True,True,2026-07-28,2456,109
GM0484,Alphen aan den Rijn,117284,368,6,0,2,3,True,True,2026-07-21,1487,38
GM1723,Alphen-Chaam,10495,215,8,0,2,2,True,True,2026-03-21,1226,82
GM1959,Altena,58946,303,7,2,3,1,True,True,2026-01-01,1483,84
GM0060,Ameland,3816,190,2,0,1,0,True,True,2024-04-05,396,23
GM0307,Amersfoort,163764,422,11,0,6,18,True,True,2024-10-24,1896,61
GM0362,Amstelveen,95840,386,5,1,5,1,True,True,2025-01-01,1278,71
GM0363,Amsterdam,941927,1022,6,0,6,19,True,True,2026-01-01,3317,136
GM0200,Apeldoorn,169212,243,8,1,3,7,True,True,2026-03-03,1603,107
GM0202,Arnhem,171822,441,13,0,3,2,True,True,2026-01-01,1320,43
GM0106,Assen,70769,286,4,0,4,1,True,True,2026-01-01,1374,38
GM0743,Asten,17484,225,7,1,3,1,True,True,2026-08-05,747,76
GM0744,Baarle-Nassau,7256,142,4,0,2,2,True,True,2026-01-13,1001,50
GM0308,Baarn,25435,221,7,1,0,2,True,True,2026-01-30,735,43
GM0489,Barendrecht,48701,340,8,0,3,1,True,True,2026-01-01,1873,55
GM0203,Barneveld,63926,204,10,0,4,1,True,True,2026-03-13,1384,47
GM0888,Beek (L.),16141,212,8,1,1,0,True,True,2024-01-01,1371,68
GM1954,Beekdaelen,35903,185,6,0,4,0,True,True,2024-01-03,1245,87
GM0889,Beesel,13579,189,4,0,1,4,True,True,2026-07-30,1194,37
GM1945,Berg en Dal,35700,261,7,0,4,4,True,True,2026-06-18,1122,49
GM1724,Bergeijk,19436,352,7,0,6,3,True,True,2024-09-01,1742,85
GM0893,Bergen (L.),13037,222,7,1,5,2,True,True,2024-10-12,1095,64
GM0373,Bergen (NH.),29653,225,11,0,0,1,True,True,2024-01-01,977,59
GM0748,Bergen op Zoom,70692,279,8,0,3,2,True,True,2025-04-01,1003,34
GM1859,Berkelland,43986,256,7,0,1,1,True,True,2026-07-17,1585,128
GM1721,Bernheze,32947,149,2,0,2,1,True,True,2024-01-01,863,31
GM0753,Best,31699,278,9,0,3,5,True,True,2024-04-01,1259,70
GM0209,Beuningen,26868,224,8,0,1,3,True,True,2026-06-02,1664,97
GM0375,Beverwijk,43052,201,9,0,4,1,True,True,2025-03-19,1663,114
GM0310,De Bilt,43687,207,7,0,3,2,True,True,2025-03-25,1789,57
GM1728,Bladel,21046,227,10,0,3,1,True,True,2024-09-01,1304,85
GM0376,Blaricum,12938,216,10,0,1,0,True,True,2026-02-10,1007,42
GM0377,Bloemendaal,23554,294,9,0,4,0,True,True,2025-03-07,1334,45
GM1901,Bodegraven-Reeuwijk,37291,193,6,0,3,3,True,True,2026-05-14,848,22
GM0755,Boekel,11686,161,5,0,2,0,True,True,2020-01-01,1056,63
GM1681,Borger-Odoorn,26162,265,10,0,3,0,True,True,2025-02-11,1609,81
GM0147,Borne,25038,195,7,0,2,0,True,True,2025-06-12,1219,36
GM0654,Borsele,23186,248,13,0,3,3,True,True,2024-05-01,1561,70
GM0757,Boxtel,34302,210,4,0,2,6,True,True,2026-03-25,1181,20
GM0758,Breda,190204,369,9,0,6,1,True,True,2022-01-01,2381,59
GM1876,Bronckhorst,35983,244,10,0,1,1,True,True,2026-01-01,2138,157
GM0213,Brummen,21562,236,4,0,5,1,True,True,2023-01-27,1429,107
GM0899,Brunssum,27474,273,5,0,3,4,True,True,2025-01-01,1503,59
GM0312,Bunnik,16402,173,6,1,0,1,True,True,2025-08-01,571,55
GM0313,Bunschoten,22905,239,9,0,2,2,True,False,2026-02-25,1157,23
GM0214,Buren,28095,194,4,0,0,2,True,True,2023-07-27,551,40
GM0502,Capelle aan den IJssel,69698,349,13,0,6,2,True,True,2026-09-17,2489,199
GM0383,Castricum,37077,182,10,0,0,1,True,True,2024-01-01,923,37
GM0109,Coevorden,35729,252,8,0,4,2,True,True,2025-01-03,1324,46
GM1706,Cranendonck,21101,191,7,0,4,0,True,True,2025-06-24,1352,60
GM0216,Culemborg,30413,178,9,0,2,0,True,True,2026-01-01,1221,60
GM0148,Dalfsen,30264,246,7,0,0,1,True,True,2026-01-01,1050,80
GM1891,Dantumadiel,19231,177,8,0,1,2,True,True,2024-01-01,259,9
GM0503,Delft,110089,309,5,0,4,0,True,True,2025-04-23,1149,30
GM0762,Deurne,33596,209,6,0,6,1,True,True,2026-06-20,1367,50
GM0150,Deventer,105111,365,6,0,2,4,True,True,2026-02-07,1219,40
GM0384,Diemen,33327,258,5,0,4,0,True,True,2025-05-13,1094,52
GM1980,Dijk en Waard,91411,244,7,0,0,2,True,True,2025-06-11,657,36
GM1774,Dinkelland,26958,311,7,0,2,7,True,True,2025-12-25,1854,103
GM0221,Doesburg,11173,187,8,1,1,0,True,True,2026-01-01,802,67
GM0222,Doetinchem,60466,189,6,1,2,3,True,True,2025-12-24,2763,141
GM0766,Dongen,27673,245,9,0,5,1,True,True,2025-01-18,1523,70
GM0505,Dordrecht,122991,284,4,0,8,4,True,True,2026-04-09,1935,63
GM0498,Drechterland,20550,217,8,0,3,0,True,True,2025-07-16,850,42
GM1719,Drimmelen,28402,140,4,0,2,1,True,True,2026-01-03,759,31
GM0303,Dronten,45443,256,7,0,1,1,True,True,2025-10-01,1297,51
GM0225,Druten,20019,164,7,0,0,0,True,False,2026-01-01,632,27
GM0226,Duiven,24852,224,7,0,3,3,True,True,2024-05-03,1848,86
GM1711,Echt-Susteren,32385,292,13,0,5,4,True,True,2026-02-06,1408,87
GM0385,Edam-Volendam,37126,170,6,0,1,0,True,True,2026-03-21,620,25
GM0228,Ede,125331,323,10,0,3,3,True,True,2024-12-10,2144,50
GM0317,Eemnes,10065,237,15,0,2,0,True,True,2026-02-03,1256,70
GM1979,Eemsdelta,44846,221,11,0,3,1,True,True,2026-01-01,1405,59
GM0770,Eersel,20537,238,5,0,5,2,True,True,2024-09-01,1354,51
GM1903,Eijsden-Margraten,26350,175,5,0,2,3,True,True,2026-02-19,1265,20
GM0772,Eindhoven,249783,505,5,2,0,11,True,True,2025-05-08,1935,62
GM0230,Elburg,24039,192,7,0,5,1,True,True,2024-03-12,1036,39
GM0114,Emmen,109881,241,6,0,9,1,True,True,2025-03-27,1306,88
GM0388,Enkhuizen,18738,221,7,0,4,1,True,True,2025-07-16,1106,54
GM0153,Enschede,162683,342,8,0,5,2,True,True,2026-01-01,1307,30
GM0232,Epe,33786,185,6,0,1,2,True,True,2026-07-22,1001,52
GM0233,Ermelo,28199,231,8,0,0,3,True,True,2025-09-17,919,39
GM0777,Etten-Leur,46117,268,7,0,6,1,True,True,2025-01-01,651,69
GM1940,De Fryske Marren,52248,311,7,1,4,1,True,True,2024-03-19,1182,128
GM0779,Geertruidenberg,21914,258,8,2,1,2,True,True,2026-03-11,1565,182
GM1771,Geldrop-Mierlo,40683,303,3,0,4,3,True,True,2025-01-14,978,57
GM1652,Gemert-Bakel,31806,205,7,0,5,1,True,True,2026-06-18,974,42
GM0907,Gennep,17953,271,8,0,2,3,True,True,2025-02-27,559,32
GM0784,Gilze en Rijen,28437,167,5,0,3,2,True,True,2026-01-13,1113,51
GM1924,Goeree-Overflakkee,52798,284,8,0,3,3,True,True,2026-07-22,1123,75
GM0664,Goes,40387,218,8,0,4,2,True,True,2024-05-01,1424,60
GM0785,Goirle,24886,159,3,0,2,1,True,True,2024-06-04,973,41
GM1942,Gooise Meren,61213,255,9,0,1,1,True,True,2026-07-09,1700,82
GM0512,Gorinchem,39060,322,7,0,9,5,True,True,2023-08-08,1779,99
GM0513,Gouda,77818,338,5,0,0,3,True,True,2026-02-19,1660,46
GM0518,'s-Gravenhage,569468,578,5,0,5,16,True,True,2026-01-01,1250,86
GM0014,Groningen,244427,418,7,0,2,1,True,True,2024-07-24,2391,48
GM1729,Gulpen-Wittem,13945,209,6,0,1,1,True,True,2026-02-14,1513,22
GM0158,Haaksbergen,24313,236,5,0,3,2,True,True,2026-01-01,553,20
GM0392,Haarlem,168898,367,4,0,4,0,True,True,2026-03-31,1217,38
GM0394,Haarlemmermeer,166978,409,8,0,2,7,True,True,2026-07-15,2159,63
GM1655,Halderberge,31484,177,4,0,2,3,True,True,2026-01-01,945,45
GM0160,Hardenberg,64116,288,7,0,3,4,True,True,2026-01-01,1330,80
GM0243,Harderwijk,50655,255,6,0,1,1,True,True,2025-08-01,1071,43
GM0523,Hardinxveld-Giessendam,19402,201,6,1,8,3,True,True,2026-03-16,1655,107
GM0072,Harlingen,16270,222,10,0,3,3,True,True,2025-05-27,1087,41
GM0244,Hattem,12822,181,8,0,4,3,True,True,2026-01-01,1585,117
GM0396,Heemskerk,39529,227,4,0,4,2,True,True,2025-01-01,1191,55
GM0397,Heemstede,27556,281,7,0,5,1,True,True,2025-01-01,1167,41
GM0246,Heerde,19325,205,7,0,1,2,True,True,2026-01-01,1002,64
GM0074,Heerenveen,51955,297,4,0,2,3,True,True,2026-01-01,840,40
GM0917,Heerlen,87764,414,10,0,2,1,True,True,2026-03-19,1248,56
GM1658,Heeze-Leende,17281,179,7,0,5,0,True,True,2021-01-19,3840,59
GM0399,Heiloo,24613,180,10,0,0,1,True,True,2024-01-01,920,36
GM0400,Den Helder,56678,227,3,0,2,3,True,True,2025-01-01,692,34
GM0163,Hellendoorn,36354,172,8,0,3,1,True,True,2025-01-01,943,41
GM0794,Helmond,96860,412,6,2,2,4,True,True,2025-04-26,980,38
GM0531,Hendrik-Ido-Ambacht,33100,174,5,0,5,1,True,True,2026-01-27,1535,49
GM0164,Hengelo (O.),84045,467,4,0,2,5,True,True,2025-12-30,931,31
GM0796,'s-Hertogenbosch,162295,347,9,0,3,3,True,True,2026-01-01,2097,67
GM0252,Heumen,16978,206,8,1,0,4,True,True,2026-02-13,906,46
GM0797,Heusden,46689,348,15,0,3,4,True,True,2026-01-01,1012,65
GM0534,Hillegom,23078,194,5,0,2,1,True,True,2025-06-13,789,68
GM0798,Hilvarenbeek,16315,163,6,0,0,9,True,True,2026-03-12,1401,68
GM0402,Hilversum,94595,378,5,1,4,4,True,True,2025-02-20,977,61
GM1963,Hoeksche Waard,91445,305,7,0,11,3,True,True,2020-02-15,1950,99
GM1735,Hof van Twente,35775,291,9,0,2,4,True,True,2026-07-01,887,42
GM1966,Het Hogeland,48073,212,5,0,2,0,True,True,2024-01-01,690,41
GM1911,Hollands Kroon,50592,231,6,0,2,2,True,True,2026-06-04,1137,110
GM0118,Hoogeveen,56781,252,8,0,7,3,True,True,2026-02-17,2394,86
GM0405,Hoorn,76202,318,7,0,3,1,True,True,2025-10-06,1247,35
GM1507,Horst aan de Maas,44821,234,7,0,1,2,True,True,2025-01-01,1126,78
GM0321,Houten,50952,255,8,0,1,4,True,True,2024-01-16,1482,47
GM0406,Huizen,41287,169,7,0,1,1,True,True,2025-11-26,603,15
GM0677,Hulst,27376,257,8,0,2,2,True,True,2024-01-11,1379,72
GM0353,IJsselstein,33171,183,7,0,1,1,True,True,2026-07-21,748,31
GM1884,Kaag en Braassem,29467,238,6,2,1,1,True,True,2024-02-02,1058,48
GM0166,Kampen,56835,349,4,0,1,3,True,True,2026-07-08,1403,59
GM0678,Kapelle,13186,210,14,1,4,0,True,True,2024-05-01,982,62
GM0537,Katwijk,67149,275,6,0,2,3,True,True,2024-04-19,1119,121
GM0928,Kerkrade,45824,279,5,0,3,3,True,True,2024-01-01,1006,43
GM1598,Koggenland,24214,146,6,0,4,2,True,True,2025-07-09,1032,37
GM0542,Krimpen aan den IJssel,29864,254,9,0,3,5,True,True,2024-05-04,1167,52
GM1931,Krimpenerwaard,57898,279,4,0,1,4,True,True,2026-04-16,1979,44
GM1659,Laarbeek,23541,211,10,0,6,0,True,True,2026-07-02,1117,58
GM1982,Land van Cuijk,93645,275,4,0,3,2,True,True,2024-10-05,1204,52
GM0882,Landgraaf,36844,189,6,0,3,0,True,True,2026-03-26,921,51
GM0415,Landsmeer,11685,190,7,0,1,0,True,True,2025-02-12,913,25
GM1621,Lansingerland,66633,237,4,0,1,3,True,True,2026-01-01,1833,51
GM0417,Laren (NH.),11547,238,11,0,1,0,True,True,2026-02-10,1153,60
GM0080,Leeuwarden,130162,372,7,0,3,3,True,True,2026-01-01,1607,86
GM0546,Leiden,130328,377,8,0,3,2,True,True,2024-06-05,1498,39
GM0547,Leiderdorp,27973,275,7,0,2,1,True,True,2024-08-07,1637,61
GM1916,Leidschendam-Voorburg,78916,240,4,0,4,4,True,True,2026-01-01,1455,51
GM0995,Lelystad,85781,234,5,0,1,3,True,True,2026-03-03,1428,92
GM1640,Leudal,36099,301,14,0,4,3,True,True,2026-01-01,1320,50
GM0327,Leusden,32287,213,9,1,2,3,True,True,2026-06-27,1322,70
GM1705,Lingewaard,47802,322,14,0,1,3,True,True,2026-06-23,1487,52
GM0553,Lisse,23842,226,5,0,3,1,True,True,2025-06-13,905,70
GM0262,Lochem,34213,158,5,0,1,1,True,True,2026-01-01,1197,64
GM0809,Loon op Zand,24111,217,5,1,3,4,True,True,2026-02-12,1420,125
GM0331,Lopik,14802,184,16,0,1,0,True,True,2026-01-01,2291,176
GM0168,Losser,23472,174,5,0,3,0,True,True,2025-01-01,1374,39
GM0263,Maasdriel,26225,187,6,0,2,1,True,True,2024-04-16,1177,73
GM1641,Maasgouw,24377,248,10,0,1,1,True,True,2026-01-01,1299,104
GM1991,Maashorst,60059,235,3,0,2,4,True,True,2025-07-09,1149,52
GM0556,Maassluis,37125,297,5,0,3,1,True,True,2026-01-01,1275,50
GM0935,Maastricht,126026,489,7,0,6,4,True,True,2026-04-01,7127,52
GM0420,Medemblik,46305,257,8,1,5,2,True,True,2025-07-22,1122,59
GM0938,Meerssen,18454,256,5,0,2,3,True,True,2026-06-01,1133,19
GM1948,Meierijstad,85236,223,3,0,1,3,True,True,2026-03-01,1250,51
GM0119,Meppel,36616,254,5,1,2,3,True,True,2026-02-17,1952,52
GM0687,Middelburg (Z.),50439,278,7,0,0,3,True,True,2026-01-03,1200,49
GM1842,Midden-Delfland,19355,282,8,0,4,0,True,True,2026-05-09,1168,54
GM1731,Midden-Drenthe,34402,180,8,1,2,0,True,True,2025-08-06,921,27
GM1952,Midden-Groningen,61346,344,9,0,5,6,True,True,2026-09-24,1187,30
GM1709,Moerdijk,38467,349,12,0,6,3,True,True,2024-02-22,1041,58
GM1978,Molenlanden,45625,252,4,0,6,1,True,True,2020-01-01,1009,60
GM1955,Montferland,37014,184,6,0,3,1,True,True,2026-02-11,2037,144
GM0335,Montfoort,13795,182,2,0,0,0,True,True,2026-01-01,458,19
GM0944,Mook en Middelaar,8192,163,6,0,0,2,True,True,2025-12-11,788,36
GM1740,Neder-Betuwe,25925,254,8,0,3,5,True,True,2024-02-22,788,59
GM0946,Nederweert,17533,254,18,0,6,1,True,True,2026-01-21,1475,67
GM0356,Nieuwegein,68257,253,10,0,0,2,True,True,2025-12-03,1729,74
GM0569,Nieuwkoop,29728,231,7,0,3,3,True,True,2026-09-01,1997,83
GM0267,Nijkerk,46283,224,9,0,4,2,True,True,2022-01-01,1612,44
GM0268,Nijmegen,189871,377,5,0,1,4,True,True,2026-01-01,1820,66
GM1930,Nissewaard,89112,269,9,0,4,3,True,True,2026-01-01,1802,65
GM1970,Noardeast-Fryslân,45935,164,7,0,1,0,True,True,2024-01-01,213,45
GM1695,Noord-Beveland,8067,175,10,0,2,0,True,True,2024-05-01,1213,50
GM1699,Noordenveld,31737,178,12,0,2,1,True,True,2026-03-04,1360,135
GM0171,Noordoostpolder,51930,314,6,0,2,2,True,True,2026-01-01,1378,47
GM0575,Noordwijk,46453,310,4,1,5,3,True,True,2025-04-01,1241,85
GM0820,"Nuenen, Gerwen en Nederwetten",24473,235,8,0,6,0,True,True,2026-02-19,1764,31
GM0302,Nunspeet,29688,240,7,0,2,3,True,True,2025-06-13,1422,62
GM0579,Oegstgeest,26095,262,8,0,5,1,True,True,2024-05-16,2006,58
GM0823,Oirschot,19801,258,8,0,6,2,True,True,2024-09-01,1658,121
GM0824,Oisterwijk,33356,293,8,0,3,3,True,True,2023-12-30,1933,83
GM1895,Oldambt,39746,425,12,0,5,2,True,True,2025-01-01,1264,58
GM0269,Oldebroek,24535,249,5,0,4,1,True,True,2025-03-20,1229,48
GM0173,Oldenzaal,32033,254,6,0,5,3,True,True,2025-03-11,1536,96
GM1773,Olst-Wijhe,19079,181,5,0,0,6,True,True,2025-02-21,1980,33
GM0175,Ommen,19365,176,3,0,0,3,True,True,2024-12-19,534,23
GM1586,Oost Gelre,29868,189,4,0,3,3,True,True,2026-01-01,1365,41
GM0826,Oosterhout,58726,295,11,0,5,5,True,True,2024-01-01,2470,192
GM0085,Ooststellingwerf,25898,186,8,0,3,0,True,True,2025-02-19,1146,66
GM0431,Oostzaan,9778,198,8,0,5,1,True,True,2024-02-21,806,29
GM0432,Opmeer,12669,149,8,2,2,2,True,True,2025-07-12,1622,95
GM0086,Opsterland,30068,205,5,0,2,1,True,True,2023-01-27,722,54
GM0828,Oss,95549,228,5,0,1,1,True,True,2026-07-01,1514,58
GM1509,Oude IJsselstreek,39596,222,8,0,1,8,True,True,2026-01-01,1002,49
GM0437,Ouder-Amstel,14525,189,5,0,4,0,True,True,2020-01-08,1221,58
GM0589,Oudewater,10513,172,4,0,4,1,True,True,2023-04-27,743,56
GM1734,Overbetuwe,49266,234,6,0,1,1,True,True,2025-04-12,1616,37
GM0590,Papendrecht,32267,287,4,0,9,2,True,True,2026-02-02,1584,52
GM1894,Peel en Maas,45816,248,9,0,4,2,True,True,2026-02-13,953,31
GM0765,Pekela,12579,166,11,0,5,1,True,True,2024-07-01,947,44
GM1926,Pijnacker-Nootdorp,58741,253,8,0,6,2,True,True,2024-01-01,1078,83
GM0439,Purmerend,96182,383,11,1,1,1,True,True,2026-04-04,1237,51
GM0273,Putten,25170,247,8,0,3,2,True,True,2025-01-01,1202,32
GM0177,Raalte,39084,276,10,0,1,2,True,True,2026-01-01,1349,65
GM0703,Reimerswaal,23388,212,11,0,2,1,True,True,2024-05-01,1134,88
GM0274,Renkum,31356,194,10,0,3,1,True,True,2025-07-04,1187,55
GM0339,Renswoude,5908,158,7,0,4,4,True,True,2025-01-01,1378,86
GM1667,Reusel-De Mierden,13729,184,4,0,3,3,True,True,2024-09-01,716,39
GM0275,Rheden,43849,266,9,0,1,4,True,True,2024-12-03,1106,51
GM0340,Rhenen,20457,271,8,0,3,2,True,True,2025-10-15,1042,75
GM0597,Ridderkerk,48084,317,11,0,3,1,True,True,2023-12-29,1960,76
GM1742,Rijssen-Holten,39274,271,5,1,2,0,True,True,2025-01-10,780,44
GM0603,Rijswijk (ZH.),61857,316,4,1,4,2,True,True,2026-01-01,843,31
GM1669,Roerdalen,20995,217,12,0,1,5,True,True,2026-04-03,1458,81
GM0957,Roermond,61431,316,11,0,3,4,True,True,2026-01-01,1101,57
GM0736,De Ronde Venen,45749,326,16,0,3,0,True,True,2025-03-04,1183,45
GM1674,Roosendaal,78165,510,11,0,4,19,True,True,2023-01-01,2955,76
GM0599,Rotterdam,673804,1081,11,0,7,9,True,True,2025-01-03,4182,164
GM0277,Rozendaal,1837,101,4,0,1,1,True,True,2025-02-26,821,34
GM0840,Rucphen,23973,163,3,0,4,0,True,True,2025-01-01,503,37
GM0441,Schagen,48778,198,7,0,0,1,True,True,2026-01-08,1780,36
GM0279,Scherpenzeel,10674,154,5,1,4,2,True,True,2025-06-21,856,47
GM0606,Schiedam,81931,330,5,0,3,5,True,True,2026-01-01,1153,30
GM0088,Schiermonnikoog,972,110,5,0,1,1,True,True,2024-01-01,291,10
GM1676,Schouwen-Duiveland,34409,283,8,1,4,4,True,True,2025-04-29,1590,126
GM0965,Simpelveld,10459,132,3,0,3,2,True,True,2026-03-13,1017,20
GM0845,Sint-Michielsgestel,30191,214,4,0,3,8,True,True,2026-03-25,1360,25
GM1883,Sittard-Geleen,92461,374,6,0,4,2,False,True,,1416,36
GM0610,Sliedrecht,26531,159,3,0,5,2,True,True,2026-02-04,1202,45
GM1714,Sluis,23199,176,7,0,0,1,True,True,2026-01-01,1491,38
GM0090,Smallingerland,57188,230,6,0,4,2,True,True,2025-01-08,1490,66
GM0342,Soest,47853,254,15,0,4,4,True,True,2025-06-04,2027,67
GM0847,Someren,20471,198,7,1,4,1,True,True,2026-07-15,749,58
GM0848,Son en Breugel,18140,180,2,0,6,1,True,True,2026-02-05,827,34
GM0037,Stadskanaal,32110,197,4,0,2,1,True,True,2026-01-01,678,25
GM0180,Staphorst,18219,188,4,0,2,1,True,True,2024-09-05,1065,73
GM0532,Stede Broec,22445,169,5,0,3,1,True,True,2025-07-16,955,39
GM0851,Steenbergen,24596,282,7,0,6,1,True,True,2024-04-01,1415,48
GM1708,Steenwijkerland,45926,319,9,0,3,1,True,True,2026-03-19,2314,117
GM0971,Stein (L.),24691,168,5,0,1,5,True,True,2024-06-25,1403,57
GM1904,Stichtse Vecht,66196,354,11,0,1,6,True,True,2026-03-12,1085,46
GM1900,Súdwest-Fryslân,90521,257,8,0,3,0,True,True,2026-02-17,1080,46
GM0715,Terneuzen,55955,316,8,0,2,1,True,True,2026-01-01,2039,67
GM0093,Terschelling,4834,246,8,0,4,0,True,True,2025-01-01,804,37
GM0448,Texel,13958,167,2,1,1,0,True,True,2026-01-01,837,56
GM1525,Teylingen,38739,223,6,0,2,1,True,True,2024-04-19,859,67
GM0716,Tholen,27031,222,5,0,3,1,True,True,2025-07-17,1193,63
GM0281,Tiel,42524,282,4,1,2,0,True,True,2025-01-01,853,39
GM0855,Tilburg,230746,342,6,0,2,2,True,True,2026-01-01,1579,44
GM0183,Tubbergen,21604,307,7,0,2,5,True,True,2026-01-01,1949,108
GM1700,Twenterand,34234,202,10,0,5,4,True,True,2026-07-10,1327,58
GM1730,Tynaarlo,35116,190,4,0,2,0,True,True,2026-01-01,213,19
GM0737,Tytsjerksteradiel,32874,203,5,0,4,2,True,True,2023-01-01,1463,91
GM0450,Uitgeest,13489,186,10,0,1,1,True,True,2024-01-01,879,31
GM0451,Uithoorn,32204,275,12,0,2,3,True,True,2024-03-26,1756,148
GM0184,Urk,22431,259,5,0,1,0,True,True,2025-01-25,1214,49
GM0344,Utrecht,378121,468,9,0,3,12,True,True,2026-01-01,1745,62
GM1581,Utrechtse Heuvelrug,51107,201,9,0,2,3,True,True,2026-07-25,1314,48
GM0981,Vaals,10106,177,3,0,1,2,True,True,2026-01-01,831,26
GM0994,Valkenburg aan de Geul,16481,214,3,1,1,3,True,True,2026-07-01,1102,36
GM0858,Valkenswaard,31920,228,10,0,4,1,True,True,2024-05-03,1340,59
GM0047,Veendam,27825,186,5,0,4,1,True,True,2024-01-01,923,31
GM0345,Veenendaal,70779,412,8,0,3,9,True,True,2026-04-01,1685,84
GM0717,Veere,22037,240,9,0,0,1,True,True,2026-01-01,1316,82
GM0861,Veldhoven,47918,211,5,1,4,1,True,True,2026-01-01,1021,45
GM0453,Velsen,70361,401,12,0,4,1,True,True,2025-01-01,1263,96
GM0983,Venlo,104195,296,5,0,1,3,True,True,2026-03-13,4058,59
GM0984,Venray,45108,215,6,0,3,3,True,True,2026-01-01,1294,42
GM1961,Vijfheerenlanden,63246,304,12,2,4,3,True,True,2024-10-01,1845,93
GM0622,Vlaardingen,77480,422,8,0,4,0,True,True,2026-01-08,2172,61
GM0096,Vlieland,1202,161,5,0,3,0,True,True,2025-01-01,760,40
GM0718,Vlissingen,45878,266,7,0,3,1,True,True,2026-01-01,1384,23
GM0986,Voerendaal,12432,157,5,0,4,0,True,True,2026-03-17,1018,29
GM1992,Voorne aan Zee,75012,188,8,0,2,1,True,True,2026-04-25,1239,77
GM0626,Voorschoten,25975,220,8,0,4,2,True,True,2025-08-09,1149,41
GM0285,Voorst,25569,202,6,0,1,1,True,True,2023-01-01,1158,58
GM0865,Vught,33202,189,7,0,5,1,True,True,2024-07-10,906,34
GM1949,Waadhoeke,47158,220,9,0,3,0,True,True,2025-01-01,741,58
GM0866,Waalre,17864,195,5,0,4,0,True,True,2025-12-16,1052,32
GM0867,Waalwijk,51635,304,5,0,3,2,True,True,2026-08-06,1049,62
GM0627,Waddinxveen,35542,259,7,0,0,3,True,True,2025-06-20,1507,48
GM0289,Wageningen,42779,262,7,0,0,0,True,True,2026-04-03,1300,84
GM0629,Wassenaar,27975,242,9,0,5,6,True,True,2026-04-24,1184,34
GM0852,Waterland,17721,192,5,0,1,0,True,True,2020-06-06,551,14
GM0988,Weert,51498,347,16,0,9,3,True,True,2026-01-01,1474,46
GM1960,West Betuwe,53445,237,7,0,1,2,True,True,2025-01-01,1004,75
GM0668,West Maas en Waal,20843,147,7,0,3,0,True,True,2015-01-01,1071,61
GM1969,Westerkwartier,65067,213,9,0,2,1,True,True,2026-09-24,1188,38
GM1701,Westerveld,20035,206,4,0,2,0,True,True,2026-06-13,422,38
GM0293,Westervoort,15253,214,8,0,3,4,True,True,2024-05-03,1967,85
GM1950,Westerwolde,25267,210,5,1,2,0,True,True,2024-07-20,819,38
GM1783,Westland,118874,403,12,1,2,4,True,True,2025-07-08,2132,101
GM0098,Weststellingwerf,26622,286,6,0,2,9,True,True,2024-06-10,977,57
GM0189,Wierden,25547,216,7,0,5,0,True,True,2024-06-01,1484,72
GM0296,Wijchen,42106,207,9,0,0,1,True,True,2026-01-01,727,35
GM1696,Wijdemeren,24672,140,4,0,1,0,True,True,2020-01-01,652,37
GM0352,Wijk bij Duurstede,23707,260,13,0,4,2,True,True,2026-06-13,2503,112
GM0294,Winterswijk,29289,240,9,0,2,2,True,True,2026-01-01,1732,50
GM0873,Woensdrecht,22301,212,5,0,5,2,True,True,2024-01-01,573,35
GM0632,Woerden,54199,244,4,0,4,4,True,True,2023-05-02,1050,54
GM1690,De Wolden,24819,230,3,0,5,1,True,True,2026-02-17,1710,48
GM0880,Wormerland,16328,224,9,0,6,1,True,True,2025-11-22,810,46
GM0351,Woudenberg,15099,137,12,0,0,0,True,True,2026-01-01,1081,53
GM0479,Zaanstad,165201,558,13,1,1,2,True,True,2023-05-12,1555,100
GM0297,Zaltbommel,30687,204,5,0,0,2,True,True,2024-04-05,978,45
GM0473,Zandvoort,17335,279,6,0,3,0,True,True,2024-08-01,1183,36
GM0050,Zeewolde,24612,253,9,0,3,0,True,True,2025-08-01,1105,35
GM0355,Zeist,66648,241,8,0,4,3,True,True,2026-02-13,1153,31
GM0299,Zevenaar,45570,322,13,0,3,5,True,True,2025-01-29,1170,77
GM0637,Zoetermeer,130836,322,8,0,5,5,True,True,2025-02-27,1126,49
GM0638,Zoeterwoude,10355,205,4,0,4,1,True,True,2024-10-10,1336,44
GM1892,Zuidplas,49291,198,2,0,1,1,True,True,2026-02-28,1592,46
GM0879,Zundert,23088,214,7,0,4,2,True,True,2025-01-01,1074,38
GM0301,Zutphen,49292,236,10,0,3,0,True,True,2026-02-05,1854,47
GM1896,Zwartewaterland,23733,186,5,0,2,1,True,True,2024-03-22,1086,67
GM0642,Zwijndrecht,44819,229,7,0,8,2,True,True,2026-02-02,2142,121
GM0193,Zwolle,134147,329,9,0,3,4,True,True,2026-04-29,2316,39
