orgtype,creator,titel,id,geldig_vanaf,xml_url
RegionaalSamenwerkingsorgaan,Samenwerking Kempengemeenten,Regeling commissie bezwaarschriften Sociaal Domein 2024,CVDR722839_1,2024-07-18,https://repository.officiele-overheidspublicaties.nl/cvdr/CVDR722839/1/xml/CVDR722839_1.xml
RegionaalSamenwerkingsorgaan,Modulaire gemeenschappelijke regeling sociaal domein centraal Gelderland,Archiefverordening Modulaire Gemeenschappelijke Regeling Sociaal Domein Centraal Gelderland.,CVDR624248_1,2017-04-01,https://repository.officiele-overheidspublicaties.nl/cvdr/CVDR624248/1/xml/CVDR624248_1.xml
RegionaalSamenwerkingsorgaan,Modulaire gemeenschappelijke regeling sociaal domein centraal Gelderland,Controleverordening Modulaire Gemeenschappelijke Regeling Sociaal Domein Centraal Gelderland,CVDR721351_1,2023-01-01,https://repository.officiele-overheidspublicaties.nl/cvdr/CVDR721351/1/xml/CVDR721351_1.xml
RegionaalSamenwerkingsorgaan,Modulaire gemeenschappelijke regeling sociaal domein centraal Gelderland,Aanwijzingsbesluit archivaris Modulaire Gemeenschappelijke Regeling Sociaal Domein Centraal Gelderland,CVDR637177_1,2020-02-03,https://repository.officiele-overheidspublicaties.nl/cvdr/CVDR637177/1/xml/CVDR637177_1.xml
RegionaalSamenwerkingsorgaan,Modulaire gemeenschappelijke regeling sociaal domein centraal Gelderland,Klachtenregeling  Modulaire Gemeenschappelijke Regeling sociaal domein centraal Gelderland  (MGR),CVDR639748_1,2020-04-22,https://repository.officiele-overheidspublicaties.nl/cvdr/CVDR639748/1/xml/CVDR639748_1.xml
RegionaalSamenwerkingsorgaan,Modulaire gemeenschappelijke regeling sociaal domein centraal Gelderland,Financiële verordening Modulaire Gemeenschappelijke Regeling Sociaal Domein Centraal Gelderland,CVDR671907_1,2022-01-01,https://repository.officiele-overheidspublicaties.nl/cvdr/CVDR671907/1/xml/CVDR671907_1.xml
RegionaalSamenwerkingsorgaan,Modulaire gemeenschappelijke regeling sociaal domein centraal Gelderland,Financiële verordening Modulaire Gemeenschappelijke Regeling Sociaal Domein Centraal Gelderland,CVDR725608_1,2023-01-01,https://repository.officiele-overheidspublicaties.nl/cvdr/CVDR725608/1/xml/CVDR725608_1.xml
RegionaalSamenwerkingsorgaan,Modulaire gemeenschappelijke regeling sociaal domein centraal Gelderland,Financiële verordening Modulaire Gemeenschappelijke Regeling Sociaal Domein Centraal Gelderland,CVDR725847_1,2024-01-01,https://repository.officiele-overheidspublicaties.nl/cvdr/CVDR725847/1/xml/CVDR725847_1.xml
RegionaalSamenwerkingsorgaan,Modulaire gemeenschappelijke regeling sociaal domein centraal Gelderland,Financiële verordening Modulaire Gemeenschappelijke Regeling Sociaal Domein Centraal Gelderland,CVDR745156_1,2025-01-01,https://repository.officiele-overheidspublicaties.nl/cvdr/CVDR745156/1/xml/CVDR745156_1.xml
RegionaalSamenwerkingsorgaan,Eemkracht,Regeling behandeling bezwaarschriften sociaal domein voor de gemeente Soest,CVDR758450_1,2026-03-11,https://repository.officiele-overheidspublicaties.nl/cvdr/CVDR758450/1/xml/CVDR758450_1.xml
RegionaalSamenwerkingsorgaan,Modulaire gemeenschappelijke regeling sociaal domein centraal Gelderland,Financiële verordening Modulaire Gemeenschappelijke Regeling Sociaal Domein Centraal Gelderland 2017,CVDR624247_1,2017-04-01,https://repository.officiele-overheidspublicaties.nl/cvdr/CVDR624247/1/xml/CVDR624247_1.xml
RegionaalSamenwerkingsorgaan,Modulaire gemeenschappelijke regeling sociaal domein centraal Gelderland,Gewijzigde regeling Modulaire gemeenschappelijke regeling sociaal domein centraal Gelderland (MGR),CVDR672204_1,2022-01-01,https://repository.officiele-overheidspublicaties.nl/cvdr/CVDR672204/1/xml/CVDR672204_1.xml
RegionaalSamenwerkingsorgaan,Eemkracht,"Archiefverordening Gemeenschappelijke regeling samenwerking sociaal domein Baarn, Bunschoten en Soest",CVDR716964_1,2024-03-16,https://repository.officiele-overheidspublicaties.nl/cvdr/CVDR716964/1/xml/CVDR716964_1.xml
RegionaalSamenwerkingsorgaan,Sociaal,Beleidsregels maatschappelijke ondersteuning Drechtsteden,CVDR762052_1,2026-06-01,https://repository.officiele-overheidspublicaties.nl/cvdr/CVDR762052/1/xml/CVDR762052_1.xml
RegionaalSamenwerkingsorgaan,Eemkracht,"Besluit Informatiebeheer Gemeenschappelijke regeling samenwerking sociaal domein Baarn, Bunschoten en Soest",CVDR716971_1,2024-03-16,https://repository.officiele-overheidspublicaties.nl/cvdr/CVDR716971/1/xml/CVDR716971_1.xml
RegionaalSamenwerkingsorgaan,Modulaire gemeenschappelijke regeling sociaal domein Limburg-Noord,Inkoop- en Aanbestedingsbeleid Modulaire gemeenschappelijke regeling sociaal domein Limburg-Noord 2026,CVDR764611_1,2026-07-18,https://repository.officiele-overheidspublicaties.nl/cvdr/CVDR764611/1/xml/CVDR764611_1.xml
RegionaalSamenwerkingsorgaan,Modulaire gemeenschappelijke regeling sociaal domein Limburg-Noord,"Bevoegdhedenregeling (mandaten, volmachten en machtigingen) Modulaire gemeenschappelijke regeling sociaal domein Limburg-Noord",CVDR766231_1,2026-09-08,https://repository.officiele-overheidspublicaties.nl/cvdr/CVDR766231/1/xml/CVDR766231_1.xml
RegionaalSamenwerkingsorgaan,Modulaire gemeenschappelijke regeling sociaal domein centraal Gelderland,Instellingsbesluit Adviescommissie voor samenwerkingsmodule facilitering overige regionale taken sociaal domein (Regionale Facilitering Zorg),CVDR727812_1,2024-01-01,https://repository.officiele-overheidspublicaties.nl/cvdr/CVDR727812/1/xml/CVDR727812_1.xml
RegionaalSamenwerkingsorgaan,Intergemeentelijke Sociale Dienst (ISD) Bollenstreek,Uitvoeringsbesluit maatschappelijke ondersteuning ISD Bollenstreek 2026,CVDR749069_1,2026-01-01,https://repository.officiele-overheidspublicaties.nl/cvdr/CVDR749069/1/xml/CVDR749069_1.xml
RegionaalSamenwerkingsorgaan,Intergemeentelijke Sociale Dienst (ISD) Bollenstreek,Uitvoeringsregels maatschappelijke ondersteuning ISD Bollenstreek 2026,CVDR749070_1,2026-01-01,https://repository.officiele-overheidspublicaties.nl/cvdr/CVDR749070/1/xml/CVDR749070_1.xml
RegionaalSamenwerkingsorgaan,Modulaire gemeenschappelijke regeling sociaal domein centraal Gelderland,Controleprotocol Modulaire Gemeenschappelijke Regeling Sociaal Domein Centraal Gelderland voor de accountantscontrole op de jaarrekening,CVDR624245_1,2019-03-21,https://repository.officiele-overheidspublicaties.nl/cvdr/CVDR624245/1/xml/CVDR624245_1.xml
RegionaalSamenwerkingsorgaan,Samenwerking De Bevelanden,Beleidsregels maatschappelijke ondersteuning - Versie 2023 - 3. Woonvoorzieningen,CVDR700436_1,2023-04-01,https://repository.officiele-overheidspublicaties.nl/cvdr/CVDR700436/1/xml/CVDR700436_1.xml
RegionaalSamenwerkingsorgaan,Samenwerking De Bevelanden,Beleidsregels maatschappelijke ondersteuning - Versie 2023 - 6. Sportvoorzieningen,CVDR700443_1,2023-04-01,https://repository.officiele-overheidspublicaties.nl/cvdr/CVDR700443/1/xml/CVDR700443_1.xml
RegionaalSamenwerkingsorgaan,Samenwerking De Bevelanden,Beleidsregels maatschappelijke ondersteuning - Versie 2024 - 7. Pgb,CVDR722633_2,2022-05-30,https://repository.officiele-overheidspublicaties.nl/cvdr/CVDR722633/2/xml/CVDR722633_2.xml
RegionaalSamenwerkingsorgaan,ISD De Rijnstreek,Verordening maatschappelijke ondersteuning ISD De Rijnsteek 2010,CVDR92280_1,2010-01-01,https://repository.officiele-overheidspublicaties.nl/cvdr/92280/1/xml/92280_1.xml
RegionaalSamenwerkingsorgaan,Modulaire gemeenschappelijke regeling sociaal domein centraal Gelderland,Statuut van de Functionaris voor Gegevensbescherming van de Modulaire Gemeenschappelijke Regeling Sociaal Domein Centraal Gelderland,CVDR665000_1,2021-11-23,https://repository.officiele-overheidspublicaties.nl/cvdr/CVDR665000/1/xml/CVDR665000_1.xml
RegionaalSamenwerkingsorgaan,Modulaire gemeenschappelijke regeling sociaal domein centraal Gelderland,Bijlage 2 integraal gewijzigde regeling Gewijzigde regeling Modulaire gemeenschappelijke regeling sociaal domein centraal Gelderland (MGR),CVDR727794_1,2022-01-01,https://repository.officiele-overheidspublicaties.nl/cvdr/CVDR727794/1/xml/CVDR727794_1.xml
RegionaalSamenwerkingsorgaan,Modulaire gemeenschappelijke regeling sociaal domein centraal Gelderland,Intrekkingsbesluit van Instellingsbesluit Adviescommissie voor samenwerkingsmodule facilitering overige regionale taken sociaal domein (Regionale Facilitering Zorg),CVDR752101_1,2025-12-23,https://repository.officiele-overheidspublicaties.nl/cvdr/CVDR752101/1/xml/CVDR752101_1.xml
RegionaalSamenwerkingsorgaan,Samenwerking De Bevelanden,Beleidsregels maatschappelijke ondersteuning - Versie 2023 - 1. Algemeen kader,CVDR700433_1,2023-04-01,https://repository.officiele-overheidspublicaties.nl/cvdr/CVDR700433/1/xml/CVDR700433_1.xml
RegionaalSamenwerkingsorgaan,Samenwerking De Bevelanden,Beleidsregels maatschappelijke ondersteuning - Versie 2024 - 4. Huishoudelijke ondersteuning,CVDR722634_1,2024-07-18,https://repository.officiele-overheidspublicaties.nl/cvdr/CVDR722634/1/xml/CVDR722634_1.xml
RegionaalSamenwerkingsorgaan,Samenwerking De Bevelanden,Beleidsregels maatschappelijke ondersteuning - Versie 2023 - 2. Vervoers- en rolstoelvoorzieningen,CVDR700435_1,2023-04-01,https://repository.officiele-overheidspublicaties.nl/cvdr/CVDR700435/1/xml/CVDR700435_1.xml
RegionaalSamenwerkingsorgaan,Samenwerking De Bevelanden,Beleidsregels maatschappelijke ondersteuning - Versie 2024 - 5. Begeleiding en dagbesteding,CVDR722637_2,2024-09-18,https://repository.officiele-overheidspublicaties.nl/cvdr/CVDR722637/2/xml/CVDR722637_2.xml
RegionaalSamenwerkingsorgaan,Intergemeentelijke Sociale Dienst (ISD) Bollenstreek,Inwerkingtreding ‘Wet huisbezoeken’ Wmo,CVDR679194_1,2022-07-07,https://repository.officiele-overheidspublicaties.nl/cvdr/CVDR679194/1/xml/CVDR679194_1.xml
RegionaalSamenwerkingsorgaan,Modulaire gemeenschappelijke regeling sociaal domein Limburg-Noord,Reglement van orde voor de vergaderingen en werkzaamheden van het algemeen bestuur van de Modulaire gemeenschappelijke regeling sociaal domein Limburg-Noord,CVDR697223_1,2023-06-14,https://repository.officiele-overheidspublicaties.nl/cvdr/CVDR697223/1/xml/CVDR697223_1.xml
RegionaalSamenwerkingsorgaan,Modulaire gemeenschappelijke regeling sociaal domein Limburg-Noord,Reglement van orde voor de vergaderingen en werkzaamheden van het dagelijks bestuur van de Modulaire gemeenschappelijke regeling sociaal domein Limburg-Noord,CVDR746376_1,2025-11-08,https://repository.officiele-overheidspublicaties.nl/cvdr/CVDR746376/1/xml/CVDR746376_1.xml
RegionaalSamenwerkingsorgaan,Modulaire gemeenschappelijke regeling sociaal domein Limburg-Noord,Beleidsregel van het dagelijks bestuur van het openbaar lichaam Modulaire gemeenschappelijke regeling sociaal domein Limburg-Noord houdende regels omtrent inkoop- en contractmanagement,CVDR653704_1,2021-02-04,https://repository.officiele-overheidspublicaties.nl/cvdr/CVDR653704/1/xml/CVDR653704_1.xml
RegionaalSamenwerkingsorgaan,Dienst Sociale Zaken en Werkgelegenheid Noardwest Fryslân,Financieel Besluit maatschappelijke ondersteuning de Dienst Sociale Zaken en Werkgelegenheid Noardwest Fryslân 2026,CVDR761501_1,2026-05-07,https://repository.officiele-overheidspublicaties.nl/cvdr/CVDR761501/1/xml/CVDR761501_1.xml
RegionaalSamenwerkingsorgaan,Modulaire gemeenschappelijke regeling sociaal domein Limburg-Noord,Verordening voor de controle op het financieel beheer en de inrichting van de financiële organisatie van de Modulaire gemeenschappelijke regeling sociaal domein Limburg-Noord,CVDR709618_1,2023-12-23,https://repository.officiele-overheidspublicaties.nl/cvdr/CVDR709618/1/xml/CVDR709618_1.xml
RegionaalSamenwerkingsorgaan,GGD IJsselland,MANDAATBESLUIT MAATWERKVOORZIENINGEN WMO 2015 (DAGELIJKS BESTUUR),CVDR389210_1,2016-01-07,https://repository.officiele-overheidspublicaties.nl/cvdr/CVDR389210/1/xml/CVDR389210_1.xml
RegionaalSamenwerkingsorgaan,GGD IJsselland,MANDAATBESLUIT MAATWERKVOORZIENINGEN WMO (DIRECTEUR PUBLIEKE GEZONDHEID),CVDR389218_1,2016-01-07,https://repository.officiele-overheidspublicaties.nl/cvdr/CVDR389218/1/xml/CVDR389218_1.xml
RegionaalSamenwerkingsorgaan,Sociaal,Mandaat- en aanwijzingsbesluit toezichthouders Wmo 2015 Drechtsteden,CVDR676732_1,2022-05-18,https://repository.officiele-overheidspublicaties.nl/cvdr/CVDR676732/1/xml/CVDR676732_1.xml
RegionaalSamenwerkingsorgaan,Modulaire gemeenschappelijke regeling sociaal domein Limburg-Noord,"Verordening op de uitgangspunten voor het financieel beleid, alsmede voor het financieel beheer en voor de inrichting van de financiële organisatie van de Modulaire gemeenschappelijke regeling sociaal domein Limburg-Noord",CVDR761040_1,2026-04-30,https://repository.officiele-overheidspublicaties.nl/cvdr/CVDR761040/1/xml/CVDR761040_1.xml
RegionaalSamenwerkingsorgaan,Regio Gooi en Vechtstreek,Beleidsregel actieve openbaarmaking rapportages Wmo-toezicht Regio Gooi en Vechtstreek,CVDR716453_1,2024-03-02,https://repository.officiele-overheidspublicaties.nl/cvdr/CVDR716453/1/xml/CVDR716453_1.xml
RegionaalSamenwerkingsorgaan,Gemeentelijke Gezondheidsdienst Gelderland-Zuid,Beleidsregels actieve openbaarmaking rapporten van bevindingen Wmo-toezicht mei 2023,CVDR723548_1,2024-08-07,https://repository.officiele-overheidspublicaties.nl/cvdr/CVDR723548/1/xml/CVDR723548_1.xml
RegionaalSamenwerkingsorgaan,Gemeentelijke Gezondheidsdienst Noord- en Oost-Gelderland,Besluit van de directeur publieke gezondheid van GGD Noord- en Oost-Gelderland houdende regels omtrent aanwijzing toezichthouders Wmo 2015 (Besluit aanwijzing toezichthouders Wmo 2015 GGD Noord- en Oost-Gelderland),CVDR636600_1,2020-01-30,https://repository.officiele-overheidspublicaties.nl/cvdr/CVDR636600/1/xml/CVDR636600_1.xml
