gemeente_naam_cbs,inwoners,cvdr_id,versie,titel,categorie,gevonden_via_website_of_handmatig
Hilvarenbeek,16315,CVDR664229,1,Verruimde regeling mantelzorgwoningen,kern,
Hilvarenbeek,16315,CVDR753495,1,Verordening Maatschappelijke ondersteuning en Jeugdhulp gemeente Hilvarenbeek 2026,kern,
Hilvarenbeek,16315,CVDR758487,1,Verordening Participatieraad Sociaal Domein Hilvarenbeek 2026,kern,
Hilvarenbeek,16315,CVDR765679,1,Beleidsregels Huishoudelijke ondersteuning gemeente Hilvarenbeek 2026,kern,
Hilvarenbeek,16315,CVDR765680,1,Nadere regels Maatschappelijke ondersteuning en Jeugdhulp gemeente Hilvarenbeek 2026,kern,
Hilvarenbeek,16315,CVDR766400,1,Aanwijzingsbesluit toezichthouder Sociaal Domein gemeente Hilvarenbeek,kern,
Voerendaal,12432,CVDR474910,1,Protocol indicatieadvisering hulp bij het huishouden gemeente Voerendaal 2015,kern,
Voerendaal,12432,CVDR607699,1,Protocol indicatieadvisering hulp bij het huishouden gemeente Voerendaal 2018,kern,
Voerendaal,12432,CVDR713296,1,Nadere regels Wmo Voerendaal 2024,kern,
Voerendaal,12432,CVDR758679,1,Verordening maatschappelijke ondersteuning Voerendaal 2026,kern,
Voerendaal,12432,CVDR762207,1,Nadere regels Wmo opvang en beschermd wonen gemeente Voerendaal 2026,kern,
Zoeterwoude,10355,CVDR409623,1,Financieel besluit maatschappelijke ondersteuning Zoeterwoude 2016-II,kern,
Zoeterwoude,10355,CVDR725300,1,"Verordening maatschappelijke ondersteuning Zoeterwoude 2020, derde wijziging",kern,
Zoeterwoude,10355,CVDR749872,1,Financieel besluit maatschappelijke ondersteuning Zoeterwoude 2026,kern,
Zoeterwoude,10355,CVDR754568,1,Beleidsregels maatschappelijke ondersteuning Zoeterwoude 2026,kern,
Kaag en Braassem,29467,CVDR622076,1,"Mandaatbesluit Sociaal Domein, onderdeel Participatiewet en aanverwante dienstverlening",kern,
Kaag en Braassem,29467,CVDR673832,1,Wijziging van nadere regels sociaal domein ter verhoging richtvergoeding,kern,
Kaag en Braassem,29467,CVDR686358,1,Nadere regels mantelzorgcompliment Kaag en Braassem,waardering,
Kaag en Braassem,29467,CVDR689565,2,Verordening Sociaal Domein Kaag en Braassem 2023,kern,
Kaag en Braassem,29467,CVDR690923,1,Nadere regels mantelzorgcompliment Kaag en Braassem,waardering,
Kaag en Braassem,29467,CVDR693366,8,Nadere regels sociaal domein gemeente Kaag en Braassem,kern,
Kaag en Braassem,29467,CVDR723798,1,Regeling Adviesraad Sociaal Domein,kern,
Kaag en Braassem,29467,CVDR747532,1,"Aanwijzingsbesluit toezichthouders Alphen aan den Rijn t.b.v. Participatiewet, IOAW, IOAZ en Wmo Gemeente Kaag en Braassem",kern,
Amersfoort,163764,CVDR23126,1,Verstrekkingenboek individuele voorzieningen Wet maatschappelijke ondersteuning gemeente Amersfoort,kern,
Amersfoort,163764,CVDR420850,1,Besluit van het college van burgemeester en wethouders houdende Aanwijzing toezichthouder wet maatschappelijke ondersteuning (Wmo),kern,
Amersfoort,163764,CVDR720423,2,Verordening maatschappelijke ondersteuning Amersfoort,kern,
Amersfoort,163764,CVDR721144,1,Nadere regels maatschappelijke ondersteuning Amersfoort,kern,
Amersfoort,163764,CVDR721586,1,Beleidsregels maatschappelijke ondersteuning Amersfoort,kern,
Amersfoort,163764,CVDR728887,1,Besluit van het college van burgemeester en wethouders van de gemeente Amersfoort houdende regels omtrent het aanwijzen van toezichthouders Rechtmatigheid Wmo en Jeugdwet,kern,
Amersfoort,163764,CVDR747996,1,Financieel besluit maatschappelijke ondersteuning Amersfoort,kern,
Amersfoort,163764,CVDR749301,1,Centrumregeling Uitvoering Sociaal Domein Regio Amersfoort,kern,
Amersfoort,163764,CVDR760388,1,Regionaal handhavingskader kwaliteit Wmo-voorzieningen GGDrU gemeente Amersfoort,kern,
Amersfoort,163764,CVDR760390,1,Protocol openbaarmaking Wmo-toezicht,kern,
Amersfoort,163764,CVDR76258,1,Besluit individuele voorzieningen Wet maatschappelijke ondersteuning gemeente Amersfoort 2011,kern,
Voorst,25569,CVDR634197,1,Reglement Cliëntenraad Maatschappelijke Ondersteuning gemeente Voorst,kern,
Voorst,25569,CVDR646353,1,Vaststelling beleidsnota/Kadernota sociaal domein 2020-2024 gemeente Voorst,kern,
Voorst,25569,CVDR665487,1,Gemeente Voorst - Aanwijzingsbesluit twee toezichthouders rechtmatigheid en kwaliteit Wet maatschappelijke ondersteuning (Wmo) 2015 en twee toezichthouders rechtmatigheid Jeugdwet,kern,
Voorst,25569,CVDR678556,1,Beleidsregels afwegingskader gebruikelijke hulp Jeugdwet gemeente Voorst,kern,
Voorst,25569,CVDR689962,1,Verordening maatschappelijke ondersteuning gemeente Voorst 2023,kern,
Voorst,25569,CVDR734317,1,Beleidsregels maatschappelijke ondersteuning gemeente Voorst 2025,kern,
Bergen (L.),13037,CVDR492432,4,Verordening maatschappelijke ondersteuning gemeente Bergen (L) 2019,kern,
Bergen (L.),13037,CVDR493125,2,Nadere regels voor het mantelzorgcompliment,waardering,
Bergen (L.),13037,CVDR673127,3,Beleidsregels Maatschappelijke ondersteuning Bergen (L) 2022,kern,
Bergen (L.),13037,CVDR685039,1,Notitie Mantelzorgondersteuning en –waardering 2020 Gemeente Bergen (L),kern,
Bergen (L.),13037,CVDR725396,1,Verordening Adviesraad Sociaal Domein gemeente Bergen (L) 2024,kern,
Bergen (L.),13037,CVDR761458,1,Aanwijzingsbesluit toezichthouders rechtmatigheid Wmo en Jeugdwet en toezichthouders kwaliteit Wmo – Regio Noord-Limburg- gemeente Bergen (L),kern,
Bergen (L.),13037,CVDR763745,1,"Besluit tot verlening van mandaat, volmacht en machtiging MGR sociaal domein Limburg-Noord 2026",kern,
Bergen (L.),13037,CVDR89571,1,Verordening Wmo/Wwb-raad Bergen,kern,
Geertruidenberg,21914,CVDR405024,1,Beleidsregels maatschappelijke ondersteuning 2015 gemeente Geertruidenberg,kern,
Geertruidenberg,21914,CVDR455699,1,Beleidsnota mantelzorg en vrijwillige inzet 2017,kern,
Geertruidenberg,21914,CVDR476141,1,Beleidsplan Wmo 2015,kern,
Geertruidenberg,21914,CVDR627427,1,Privacy protocol Sociaal Domein gemeente Geertruidenberg 2019,kern,
Geertruidenberg,21914,CVDR661053,1,Beleidskader Sociaal Domein,kern,
Geertruidenberg,21914,CVDR705623,1,Nadere regels Jonge mantelzorgwaardering gemeente Geertruidenberg,waardering,
Geertruidenberg,21914,CVDR705631,1,Nadere regels voor mantelzorgwaardering gemeente Geertruidenberg,waardering,
Geertruidenberg,21914,CVDR720905,2,Verordening Adviesraad Sociaal domein gemeente Geertruidenberg,kern,
Geertruidenberg,21914,CVDR735534,1,Beleidsregels WMO 2017,kern,
Geertruidenberg,21914,CVDR741727,1,Integrale verordening Sociaal Domein gemeente Geertruidenberg 2025,kern,
Barendrecht,48701,CVDR374275,1,Privacyreglement GR BAR-organisatie sociaal domein,kern,
Barendrecht,48701,CVDR374950,1,Privacyreglement wijkteams Sociaal Domein gemeente Barendrecht,kern,
Barendrecht,48701,CVDR648409,2,Beleidsplan van de gemeenteraad van de gemeente Barendrecht houdende regels omtrent het toezicht en de handhaving in het sociaal domein Barendrecht,kern,
Barendrecht,48701,CVDR653783,1,Besluit van het college van burgmeester en wethouders van de gemeente Barendrecht houdende regels omtrent de aanwijzing van de Gemeenschappelijke Regeling GGD Rotterdam Rijnmond als toezichthouder op de kwaliteit en de rechtmatigheid bij de uitvoering van de Wet maatschappelijke ondersteuning 2015,kern,
Barendrecht,48701,CVDR666486,2,Klachtenregeling sociaal domein gemeente Barendrecht 2022,kern,
Barendrecht,48701,CVDR749066,1,Verordening Maatschappelijke Ondersteuning gemeente Barendrecht 2026,kern,
Barendrecht,48701,CVDR749091,1,Beleidsregels maatschappelijke ondersteuning gemeente Barendrecht 2026,kern,
Barendrecht,48701,CVDR759636,1,Nadere regels maatschappelijke ondersteuning gemeente Barendrecht 2026,kern,
Leiden,130328,CVDR474009,1,Besluit van het college van burgemeester en wethouders van de gemeente Leiden houdende regels omtrent de kwaliteitscommissie voor het sociaal domein Reglement Kwaliteitscommissie Sociaal Domein,kern,
Leiden,130328,CVDR621783,1,Verordening van de gemeenteraad van de gemeente Leiden houdende regels omtrent cliëntenparticipatie Verordening cliëntenparticipatie sociaal domein Leiden 2019,kern,
Leiden,130328,CVDR637925,4,Verordening maatschappelijke ondersteuning Leiden 2020,kern,
Leiden,130328,CVDR653522,1,Besluit van het college van burgemeester en wethouders van de gemeente Leiden houdende regels omtrent toezichthouders voor rechtmatigheid WMO en jeugdwet (Aanwijzingsbesluit toezichthouders rechtmatigheid WMO en Jeugdwet Leiden 2020),kern,
Leiden,130328,CVDR749253,1,Beleidsregels maatschappelijke ondersteuning Leiden 2026,kern,
Leiden,130328,CVDR750138,1,Financieel besluit maatschappelijke ondersteuning Leiden 2026,kern,
Leiden,130328,CVDR758293,1,Beleidsregels toezicht en handhaving Wmo en Jeugdwet Leiden 2026,kern,
Leiden,130328,CVDR758315,1,Uitvoeringskader Toezicht en Handhaving Wmo en Jeugdwet,kern,
